BEGIN;


SET statement_timeout = 0;
SET client_encoding = 'UTF8';
SET standard_conforming_strings = off;
SET check_function_bodies = false;
SET client_min_messages = warning;
SET escape_string_warning = off;

SET search_path = pdi, remocra, pg_catalog, public;


-- Chemin vers les ressources externes
INSERT INTO remocra.param_conf (cle, description, valeur) VALUES ('DOSSIER_RESSOURCES_EXTERNES', 'Emplacement du dossier de stockage des ressources externes (pages accueil, cartes, images des légendes, etc.)', '/var/remocra/html');
INSERT INTO remocra.param_conf (cle, description, valeur) VALUES ('COMMUNES_INSEE_LIKE_FILTRE_SQL', 'Filtre SQL pour la récupération des communes. Exemple : "83%"', '83%');
INSERT INTO remocra.param_conf (cle, description, valeur) VALUES ('CLES_IGN', 'Clé(s) IGN. Exemples (mono/multi) : "rm5nr4ejwapq6d58fm0869bd" ou "{''localhost'': ''4n507j21zeha5rp5pkll48vj'',''sdis83-remocra-prod'': ''rm5nr4ejwapq6d58fm0869bd''}"', '{''localhost'':''4n507j21zeha5rp5pkll48vj'',''sdis83-remocra.priv.atolcd.com'': ''voir'',''www.sdis83-remocra.atolcd.com'':''axlckthtqpigwwhsees77yed'',''sdis83-remocra-dev'':''2mf3c3bmonxwh559bwcjxmam'',''sdis83-remocra-prod'':''rm5nr4ejwapq6d58fm0869bd''}');



-- Correction des communes
update remocra.commune set geometrie = ST_Multi(st_buffer(geometrie,0));



-- Table obsolètes (attention*)
DROP TABLE IF EXISTS remocra.hydrant_attentions CASCADE;
DROP TABLE IF EXISTS remocra.type_hydrant_attention CASCADE;



-- Code des anomalies
UPDATE remocra.type_hydrant_anomalie a1 set code = (upper(regexp_replace(nom, '[^a-zA-Z0-9]', '', 'g')));
-- Code des anomalies spécifiques (attendus par l'appli)
UPDATE remocra.type_hydrant_anomalie a1 set code = 'DEBIT_INSUFF' where code = 'DBITINSUFFISANT' and critere is null;
UPDATE remocra.type_hydrant_anomalie a1 set code = 'DEBIT_TROP_ELEVE' where code = 'DBITTROPLEV' and critere is null;
UPDATE remocra.type_hydrant_anomalie a1 set code = 'DEBIT_INSUFF_NC' where code = 'DBITINSUFFISANTNONCONFORMELANFS62200' and critere is null;
UPDATE remocra.type_hydrant_anomalie a1 set code = 'PRESSION_DYN_TROP_ELEVEE' where code = 'PRESSIONDYNAMIQUETROPLEVE' and critere is null;
UPDATE remocra.type_hydrant_anomalie a1 set code = 'PRESSION_DYN_INSUFF' where code = 'PRESSIONDYNAMIQUEINSUFFISANTE' and critere is null;
UPDATE remocra.type_hydrant_anomalie a1 set code = 'PRESSION_INSUFF' where code = 'PRESSIONSTATIQUEINSUFFISANTE' and critere is null;
UPDATE remocra.type_hydrant_anomalie a1 set code = 'PRESSION_TROP_ELEVEE' where code = 'PRESSIONSTATIQUETROPLEVE' and critere is null;



-- Contenu points de anomalies / nature - 1 : nettoyage
delete from remocra.type_hydrant_anomalie_nature_saisies;
delete from remocra.type_hydrant_anomalie_nature;



-- Contenu points de anomalies / nature - 2 type_hydrant_anomalie_nature
INSERT INTO type_hydrant_anomalie_nature (id, val_indispo_admin, val_indispo_hbe, val_indispo_terrestre, version, anomalie, nature) VALUES (30, 1, NULL, 0, 2, 22, 3);
INSERT INTO type_hydrant_anomalie_nature (id, val_indispo_admin, val_indispo_hbe, val_indispo_terrestre, version, anomalie, nature) VALUES (31, 1, NULL, 0, 2, 23, 3);
INSERT INTO type_hydrant_anomalie_nature (id, val_indispo_admin, val_indispo_hbe, val_indispo_terrestre, version, anomalie, nature) VALUES (11, 1, NULL, 4, 2, 33, 3);
INSERT INTO type_hydrant_anomalie_nature (id, val_indispo_admin, val_indispo_hbe, val_indispo_terrestre, version, anomalie, nature) VALUES (27, 1, NULL, 0, 2, 17, 3);
INSERT INTO type_hydrant_anomalie_nature (id, val_indispo_admin, val_indispo_hbe, val_indispo_terrestre, version, anomalie, nature) VALUES (28, 1, NULL, 0, 2, 18, 3);
INSERT INTO type_hydrant_anomalie_nature (id, val_indispo_admin, val_indispo_hbe, val_indispo_terrestre, version, anomalie, nature) VALUES (29, 1, NULL, 1, 1, 44, 3);
INSERT INTO type_hydrant_anomalie_nature (id, val_indispo_admin, val_indispo_hbe, val_indispo_terrestre, version, anomalie, nature) VALUES (111, NULL, NULL, 1, 0, 55, 1);
INSERT INTO type_hydrant_anomalie_nature (id, val_indispo_admin, val_indispo_hbe, val_indispo_terrestre, version, anomalie, nature) VALUES (112, NULL, NULL, 1, 0, 56, 1);
INSERT INTO type_hydrant_anomalie_nature (id, val_indispo_admin, val_indispo_hbe, val_indispo_terrestre, version, anomalie, nature) VALUES (52, NULL, NULL, 2, 2, 8, 1);
INSERT INTO type_hydrant_anomalie_nature (id, val_indispo_admin, val_indispo_hbe, val_indispo_terrestre, version, anomalie, nature) VALUES (55, NULL, NULL, 2, 0, 8, 2);
INSERT INTO type_hydrant_anomalie_nature (id, val_indispo_admin, val_indispo_hbe, val_indispo_terrestre, version, anomalie, nature) VALUES (56, NULL, NULL, 1, 0, 14, 2);
INSERT INTO type_hydrant_anomalie_nature (id, val_indispo_admin, val_indispo_hbe, val_indispo_terrestre, version, anomalie, nature) VALUES (57, NULL, NULL, 1, 0, 14, 1);
INSERT INTO type_hydrant_anomalie_nature (id, val_indispo_admin, val_indispo_hbe, val_indispo_terrestre, version, anomalie, nature) VALUES (58, NULL, NULL, 0, 0, 59, 2);
INSERT INTO type_hydrant_anomalie_nature (id, val_indispo_admin, val_indispo_hbe, val_indispo_terrestre, version, anomalie, nature) VALUES (59, NULL, NULL, 0, 0, 59, 1);
INSERT INTO type_hydrant_anomalie_nature (id, val_indispo_admin, val_indispo_hbe, val_indispo_terrestre, version, anomalie, nature) VALUES (60, NULL, NULL, 0, 0, 62, 1);
INSERT INTO type_hydrant_anomalie_nature (id, val_indispo_admin, val_indispo_hbe, val_indispo_terrestre, version, anomalie, nature) VALUES (61, NULL, NULL, 0, 0, 63, 1);
INSERT INTO type_hydrant_anomalie_nature (id, val_indispo_admin, val_indispo_hbe, val_indispo_terrestre, version, anomalie, nature) VALUES (64, NULL, NULL, 0, 0, 69, 1);
INSERT INTO type_hydrant_anomalie_nature (id, val_indispo_admin, val_indispo_hbe, val_indispo_terrestre, version, anomalie, nature) VALUES (65, NULL, NULL, 3, 0, 70, 1);
INSERT INTO type_hydrant_anomalie_nature (id, val_indispo_admin, val_indispo_hbe, val_indispo_terrestre, version, anomalie, nature) VALUES (66, NULL, NULL, 0, 0, 79, 1);
INSERT INTO type_hydrant_anomalie_nature (id, val_indispo_admin, val_indispo_hbe, val_indispo_terrestre, version, anomalie, nature) VALUES (67, NULL, NULL, 0, 0, 79, 2);
INSERT INTO type_hydrant_anomalie_nature (id, val_indispo_admin, val_indispo_hbe, val_indispo_terrestre, version, anomalie, nature) VALUES (68, NULL, NULL, 2, 0, 2, 2);
INSERT INTO type_hydrant_anomalie_nature (id, val_indispo_admin, val_indispo_hbe, val_indispo_terrestre, version, anomalie, nature) VALUES (69, NULL, NULL, 2, 0, 2, 1);
INSERT INTO type_hydrant_anomalie_nature (id, val_indispo_admin, val_indispo_hbe, val_indispo_terrestre, version, anomalie, nature) VALUES (70, NULL, NULL, 0, 0, 3, 1);
INSERT INTO type_hydrant_anomalie_nature (id, val_indispo_admin, val_indispo_hbe, val_indispo_terrestre, version, anomalie, nature) VALUES (71, NULL, NULL, 0, 0, 3, 2);
INSERT INTO type_hydrant_anomalie_nature (id, val_indispo_admin, val_indispo_hbe, val_indispo_terrestre, version, anomalie, nature) VALUES (72, NULL, NULL, 0, 0, 7, 1);
INSERT INTO type_hydrant_anomalie_nature (id, val_indispo_admin, val_indispo_hbe, val_indispo_terrestre, version, anomalie, nature) VALUES (4, 1, NULL, 5, 3, 47, 5);
INSERT INTO type_hydrant_anomalie_nature (id, val_indispo_admin, val_indispo_hbe, val_indispo_terrestre, version, anomalie, nature) VALUES (73, NULL, NULL, 0, 0, 28, 1);
INSERT INTO type_hydrant_anomalie_nature (id, val_indispo_admin, val_indispo_hbe, val_indispo_terrestre, version, anomalie, nature) VALUES (74, NULL, NULL, 0, 0, 28, 2);
INSERT INTO type_hydrant_anomalie_nature (id, val_indispo_admin, val_indispo_hbe, val_indispo_terrestre, version, anomalie, nature) VALUES (75, NULL, NULL, 3, 0, 42, 1);
INSERT INTO type_hydrant_anomalie_nature (id, val_indispo_admin, val_indispo_hbe, val_indispo_terrestre, version, anomalie, nature) VALUES (79, NULL, NULL, 5, 1, 48, 1);
INSERT INTO type_hydrant_anomalie_nature (id, val_indispo_admin, val_indispo_hbe, val_indispo_terrestre, version, anomalie, nature) VALUES (80, NULL, NULL, 5, 0, 48, 2);
INSERT INTO type_hydrant_anomalie_nature (id, val_indispo_admin, val_indispo_hbe, val_indispo_terrestre, version, anomalie, nature) VALUES (81, NULL, NULL, 5, 0, 50, 2);
INSERT INTO type_hydrant_anomalie_nature (id, val_indispo_admin, val_indispo_hbe, val_indispo_terrestre, version, anomalie, nature) VALUES (82, NULL, NULL, 5, 0, 50, 1);
INSERT INTO type_hydrant_anomalie_nature (id, val_indispo_admin, val_indispo_hbe, val_indispo_terrestre, version, anomalie, nature) VALUES (83, NULL, NULL, 0, 0, 5, 1);
INSERT INTO type_hydrant_anomalie_nature (id, val_indispo_admin, val_indispo_hbe, val_indispo_terrestre, version, anomalie, nature) VALUES (84, NULL, NULL, 0, 0, 6, 1);
INSERT INTO type_hydrant_anomalie_nature (id, val_indispo_admin, val_indispo_hbe, val_indispo_terrestre, version, anomalie, nature) VALUES (85, NULL, NULL, 0, 0, 6, 2);
INSERT INTO type_hydrant_anomalie_nature (id, val_indispo_admin, val_indispo_hbe, val_indispo_terrestre, version, anomalie, nature) VALUES (86, NULL, NULL, 0, 0, 20, 1);
INSERT INTO type_hydrant_anomalie_nature (id, val_indispo_admin, val_indispo_hbe, val_indispo_terrestre, version, anomalie, nature) VALUES (87, NULL, NULL, 0, 0, 24, 1);
INSERT INTO type_hydrant_anomalie_nature (id, val_indispo_admin, val_indispo_hbe, val_indispo_terrestre, version, anomalie, nature) VALUES (88, NULL, NULL, 5, 0, 41, 1);
INSERT INTO type_hydrant_anomalie_nature (id, val_indispo_admin, val_indispo_hbe, val_indispo_terrestre, version, anomalie, nature) VALUES (89, NULL, NULL, 2, 0, 38, 1);
INSERT INTO type_hydrant_anomalie_nature (id, val_indispo_admin, val_indispo_hbe, val_indispo_terrestre, version, anomalie, nature) VALUES (90, NULL, NULL, 5, 0, 68, 1);
INSERT INTO type_hydrant_anomalie_nature (id, val_indispo_admin, val_indispo_hbe, val_indispo_terrestre, version, anomalie, nature) VALUES (91, NULL, NULL, 5, 0, 68, 2);
INSERT INTO type_hydrant_anomalie_nature (id, val_indispo_admin, val_indispo_hbe, val_indispo_terrestre, version, anomalie, nature) VALUES (94, NULL, NULL, 5, 0, 31, 1);
INSERT INTO type_hydrant_anomalie_nature (id, val_indispo_admin, val_indispo_hbe, val_indispo_terrestre, version, anomalie, nature) VALUES (95, NULL, NULL, 5, 0, 31, 2);
INSERT INTO type_hydrant_anomalie_nature (id, val_indispo_admin, val_indispo_hbe, val_indispo_terrestre, version, anomalie, nature) VALUES (96, NULL, NULL, 5, 0, 21, 1);
INSERT INTO type_hydrant_anomalie_nature (id, val_indispo_admin, val_indispo_hbe, val_indispo_terrestre, version, anomalie, nature) VALUES (97, NULL, NULL, 5, 0, 21, 2);
INSERT INTO type_hydrant_anomalie_nature (id, val_indispo_admin, val_indispo_hbe, val_indispo_terrestre, version, anomalie, nature) VALUES (99, NULL, NULL, 0, 0, 51, 1);
INSERT INTO type_hydrant_anomalie_nature (id, val_indispo_admin, val_indispo_hbe, val_indispo_terrestre, version, anomalie, nature) VALUES (100, NULL, NULL, 0, 0, 51, 2);
INSERT INTO type_hydrant_anomalie_nature (id, val_indispo_admin, val_indispo_hbe, val_indispo_terrestre, version, anomalie, nature) VALUES (101, NULL, NULL, 0, 0, 51, 2);
INSERT INTO type_hydrant_anomalie_nature (id, val_indispo_admin, val_indispo_hbe, val_indispo_terrestre, version, anomalie, nature) VALUES (102, NULL, NULL, 0, 0, 52, 1);
INSERT INTO type_hydrant_anomalie_nature (id, val_indispo_admin, val_indispo_hbe, val_indispo_terrestre, version, anomalie, nature) VALUES (103, NULL, NULL, 0, 0, 52, 2);
INSERT INTO type_hydrant_anomalie_nature (id, val_indispo_admin, val_indispo_hbe, val_indispo_terrestre, version, anomalie, nature) VALUES (104, NULL, NULL, 1, 0, 37, 1);
INSERT INTO type_hydrant_anomalie_nature (id, val_indispo_admin, val_indispo_hbe, val_indispo_terrestre, version, anomalie, nature) VALUES (105, NULL, NULL, 1, 0, 36, 1);
INSERT INTO type_hydrant_anomalie_nature (id, val_indispo_admin, val_indispo_hbe, val_indispo_terrestre, version, anomalie, nature) VALUES (106, NULL, NULL, 5, 0, 35, 1);
INSERT INTO type_hydrant_anomalie_nature (id, val_indispo_admin, val_indispo_hbe, val_indispo_terrestre, version, anomalie, nature) VALUES (107, NULL, NULL, 5, 0, 32, 1);
INSERT INTO type_hydrant_anomalie_nature (id, val_indispo_admin, val_indispo_hbe, val_indispo_terrestre, version, anomalie, nature) VALUES (108, NULL, NULL, 0, 0, 34, 1);
INSERT INTO type_hydrant_anomalie_nature (id, val_indispo_admin, val_indispo_hbe, val_indispo_terrestre, version, anomalie, nature) VALUES (109, NULL, NULL, 1, 0, 76, 1);
INSERT INTO type_hydrant_anomalie_nature (id, val_indispo_admin, val_indispo_hbe, val_indispo_terrestre, version, anomalie, nature) VALUES (110, NULL, NULL, 1, 0, 76, 2);
INSERT INTO type_hydrant_anomalie_nature (id, val_indispo_admin, val_indispo_hbe, val_indispo_terrestre, version, anomalie, nature) VALUES (113, NULL, NULL, 2, 0, 57, 1);
INSERT INTO type_hydrant_anomalie_nature (id, val_indispo_admin, val_indispo_hbe, val_indispo_terrestre, version, anomalie, nature) VALUES (114, NULL, NULL, 5, 0, 65, 1);
INSERT INTO type_hydrant_anomalie_nature (id, val_indispo_admin, val_indispo_hbe, val_indispo_terrestre, version, anomalie, nature) VALUES (115, NULL, NULL, 5, 0, 65, 2);
INSERT INTO type_hydrant_anomalie_nature (id, val_indispo_admin, val_indispo_hbe, val_indispo_terrestre, version, anomalie, nature) VALUES (116, NULL, NULL, 4, 0, 4, 1);
INSERT INTO type_hydrant_anomalie_nature (id, val_indispo_admin, val_indispo_hbe, val_indispo_terrestre, version, anomalie, nature) VALUES (117, NULL, NULL, 5, 0, 58, 2);
INSERT INTO type_hydrant_anomalie_nature (id, val_indispo_admin, val_indispo_hbe, val_indispo_terrestre, version, anomalie, nature) VALUES (118, NULL, NULL, 5, 0, 80, 2);
INSERT INTO type_hydrant_anomalie_nature (id, val_indispo_admin, val_indispo_hbe, val_indispo_terrestre, version, anomalie, nature) VALUES (119, NULL, NULL, 5, 0, 80, 1);
INSERT INTO type_hydrant_anomalie_nature (id, val_indispo_admin, val_indispo_hbe, val_indispo_terrestre, version, anomalie, nature) VALUES (120, NULL, NULL, 5, 0, 81, 2);
INSERT INTO type_hydrant_anomalie_nature (id, val_indispo_admin, val_indispo_hbe, val_indispo_terrestre, version, anomalie, nature) VALUES (121, NULL, NULL, 4, 1, 82, 2);
INSERT INTO type_hydrant_anomalie_nature (id, val_indispo_admin, val_indispo_hbe, val_indispo_terrestre, version, anomalie, nature) VALUES (122, NULL, NULL, 5, 0, 81, 1);
INSERT INTO type_hydrant_anomalie_nature (id, val_indispo_admin, val_indispo_hbe, val_indispo_terrestre, version, anomalie, nature) VALUES (123, NULL, NULL, 5, 0, 83, 2);
INSERT INTO type_hydrant_anomalie_nature (id, val_indispo_admin, val_indispo_hbe, val_indispo_terrestre, version, anomalie, nature) VALUES (124, NULL, NULL, 5, 0, 83, 1);
INSERT INTO type_hydrant_anomalie_nature (id, val_indispo_admin, val_indispo_hbe, val_indispo_terrestre, version, anomalie, nature) VALUES (125, NULL, NULL, 5, 0, 84, 2);
INSERT INTO type_hydrant_anomalie_nature (id, val_indispo_admin, val_indispo_hbe, val_indispo_terrestre, version, anomalie, nature) VALUES (126, NULL, NULL, 5, 0, 84, 1);
INSERT INTO type_hydrant_anomalie_nature (id, val_indispo_admin, val_indispo_hbe, val_indispo_terrestre, version, anomalie, nature) VALUES (127, NULL, NULL, 4, 1, 82, 1);
INSERT INTO type_hydrant_anomalie_nature (id, val_indispo_admin, val_indispo_hbe, val_indispo_terrestre, version, anomalie, nature) VALUES (76, NULL, NULL, 5, 1, 47, 6);
INSERT INTO type_hydrant_anomalie_nature (id, val_indispo_admin, val_indispo_hbe, val_indispo_terrestre, version, anomalie, nature) VALUES (77, NULL, NULL, 5, 1, 47, 7);
INSERT INTO type_hydrant_anomalie_nature (id, val_indispo_admin, val_indispo_hbe, val_indispo_terrestre, version, anomalie, nature) VALUES (78, NULL, NULL, 5, 1, 47, 8);
INSERT INTO type_hydrant_anomalie_nature (id, val_indispo_admin, val_indispo_hbe, val_indispo_terrestre, version, anomalie, nature) VALUES (2, 1, NULL, 5, 23, 47, 3);
INSERT INTO type_hydrant_anomalie_nature (id, val_indispo_admin, val_indispo_hbe, val_indispo_terrestre, version, anomalie, nature) VALUES (134, NULL, NULL, 5, 0, 107, 2);
INSERT INTO type_hydrant_anomalie_nature (id, val_indispo_admin, val_indispo_hbe, val_indispo_terrestre, version, anomalie, nature) VALUES (135, NULL, NULL, 5, 0, 107, 1);
INSERT INTO type_hydrant_anomalie_nature (id, val_indispo_admin, val_indispo_hbe, val_indispo_terrestre, version, anomalie, nature) VALUES (136, NULL, NULL, 5, 0, 106, 2);
INSERT INTO type_hydrant_anomalie_nature (id, val_indispo_admin, val_indispo_hbe, val_indispo_terrestre, version, anomalie, nature) VALUES (137, NULL, NULL, 5, 0, 106, 1);
INSERT INTO type_hydrant_anomalie_nature (id, val_indispo_admin, val_indispo_hbe, val_indispo_terrestre, version, anomalie, nature) VALUES (138, NULL, NULL, 2, 0, 96, 1);
INSERT INTO type_hydrant_anomalie_nature (id, val_indispo_admin, val_indispo_hbe, val_indispo_terrestre, version, anomalie, nature) VALUES (3, 1, NULL, 5, 9, 47, 4);
INSERT INTO type_hydrant_anomalie_nature (id, val_indispo_admin, val_indispo_hbe, val_indispo_terrestre, version, anomalie, nature) VALUES (139, NULL, NULL, 5, 0, 94, 5);
INSERT INTO type_hydrant_anomalie_nature (id, val_indispo_admin, val_indispo_hbe, val_indispo_terrestre, version, anomalie, nature) VALUES (141, NULL, NULL, 5, 0, 94, 3);
INSERT INTO type_hydrant_anomalie_nature (id, val_indispo_admin, val_indispo_hbe, val_indispo_terrestre, version, anomalie, nature) VALUES (142, NULL, NULL, 5, 0, 94, 6);
INSERT INTO type_hydrant_anomalie_nature (id, val_indispo_admin, val_indispo_hbe, val_indispo_terrestre, version, anomalie, nature) VALUES (143, NULL, NULL, 5, 0, 94, 7);
INSERT INTO type_hydrant_anomalie_nature (id, val_indispo_admin, val_indispo_hbe, val_indispo_terrestre, version, anomalie, nature) VALUES (144, NULL, NULL, 5, 0, 94, 8);
INSERT INTO type_hydrant_anomalie_nature (id, val_indispo_admin, val_indispo_hbe, val_indispo_terrestre, version, anomalie, nature) VALUES (10, 1, NULL, 3, 2, 27, 5);
INSERT INTO type_hydrant_anomalie_nature (id, val_indispo_admin, val_indispo_hbe, val_indispo_terrestre, version, anomalie, nature) VALUES (9, 1, NULL, 3, 2, 27, 4);
INSERT INTO type_hydrant_anomalie_nature (id, val_indispo_admin, val_indispo_hbe, val_indispo_terrestre, version, anomalie, nature) VALUES (8, 1, NULL, 3, 2, 27, 3);
INSERT INTO type_hydrant_anomalie_nature (id, val_indispo_admin, val_indispo_hbe, val_indispo_terrestre, version, anomalie, nature) VALUES (145, NULL, NULL, 3, 0, 27, 6);
INSERT INTO type_hydrant_anomalie_nature (id, val_indispo_admin, val_indispo_hbe, val_indispo_terrestre, version, anomalie, nature) VALUES (146, NULL, NULL, 3, 0, 27, 7);
INSERT INTO type_hydrant_anomalie_nature (id, val_indispo_admin, val_indispo_hbe, val_indispo_terrestre, version, anomalie, nature) VALUES (147, NULL, NULL, 3, 0, 27, 8);
INSERT INTO type_hydrant_anomalie_nature (id, val_indispo_admin, val_indispo_hbe, val_indispo_terrestre, version, anomalie, nature) VALUES (148, NULL, NULL, 4, 0, 33, 4);
INSERT INTO type_hydrant_anomalie_nature (id, val_indispo_admin, val_indispo_hbe, val_indispo_terrestre, version, anomalie, nature) VALUES (149, NULL, NULL, 5, 0, 97, 5);
INSERT INTO type_hydrant_anomalie_nature (id, val_indispo_admin, val_indispo_hbe, val_indispo_terrestre, version, anomalie, nature) VALUES (150, NULL, NULL, 5, 0, 97, 4);
INSERT INTO type_hydrant_anomalie_nature (id, val_indispo_admin, val_indispo_hbe, val_indispo_terrestre, version, anomalie, nature) VALUES (151, NULL, NULL, 5, 0, 97, 3);
INSERT INTO type_hydrant_anomalie_nature (id, val_indispo_admin, val_indispo_hbe, val_indispo_terrestre, version, anomalie, nature) VALUES (152, NULL, NULL, 5, 0, 97, 6);
INSERT INTO type_hydrant_anomalie_nature (id, val_indispo_admin, val_indispo_hbe, val_indispo_terrestre, version, anomalie, nature) VALUES (153, NULL, NULL, 5, 0, 97, 7);
INSERT INTO type_hydrant_anomalie_nature (id, val_indispo_admin, val_indispo_hbe, val_indispo_terrestre, version, anomalie, nature) VALUES (154, NULL, NULL, 5, 0, 97, 8);
INSERT INTO type_hydrant_anomalie_nature (id, val_indispo_admin, val_indispo_hbe, val_indispo_terrestre, version, anomalie, nature) VALUES (155, NULL, NULL, 5, 0, 98, 5);
INSERT INTO type_hydrant_anomalie_nature (id, val_indispo_admin, val_indispo_hbe, val_indispo_terrestre, version, anomalie, nature) VALUES (156, NULL, NULL, 5, 0, 98, 4);
INSERT INTO type_hydrant_anomalie_nature (id, val_indispo_admin, val_indispo_hbe, val_indispo_terrestre, version, anomalie, nature) VALUES (157, NULL, NULL, 5, 0, 98, 3);
INSERT INTO type_hydrant_anomalie_nature (id, val_indispo_admin, val_indispo_hbe, val_indispo_terrestre, version, anomalie, nature) VALUES (158, NULL, NULL, 5, 0, 98, 6);
INSERT INTO type_hydrant_anomalie_nature (id, val_indispo_admin, val_indispo_hbe, val_indispo_terrestre, version, anomalie, nature) VALUES (159, NULL, NULL, 5, 0, 98, 7);
INSERT INTO type_hydrant_anomalie_nature (id, val_indispo_admin, val_indispo_hbe, val_indispo_terrestre, version, anomalie, nature) VALUES (160, NULL, NULL, 5, 0, 98, 8);
INSERT INTO type_hydrant_anomalie_nature (id, val_indispo_admin, val_indispo_hbe, val_indispo_terrestre, version, anomalie, nature) VALUES (161, NULL, NULL, 5, 0, 99, 5);
INSERT INTO type_hydrant_anomalie_nature (id, val_indispo_admin, val_indispo_hbe, val_indispo_terrestre, version, anomalie, nature) VALUES (162, NULL, NULL, 5, 0, 99, 4);
INSERT INTO type_hydrant_anomalie_nature (id, val_indispo_admin, val_indispo_hbe, val_indispo_terrestre, version, anomalie, nature) VALUES (163, NULL, NULL, 5, 0, 99, 3);
INSERT INTO type_hydrant_anomalie_nature (id, val_indispo_admin, val_indispo_hbe, val_indispo_terrestre, version, anomalie, nature) VALUES (164, NULL, NULL, 5, 0, 99, 6);
INSERT INTO type_hydrant_anomalie_nature (id, val_indispo_admin, val_indispo_hbe, val_indispo_terrestre, version, anomalie, nature) VALUES (165, NULL, NULL, 5, 0, 99, 7);
INSERT INTO type_hydrant_anomalie_nature (id, val_indispo_admin, val_indispo_hbe, val_indispo_terrestre, version, anomalie, nature) VALUES (166, NULL, NULL, 5, 0, 99, 8);
INSERT INTO type_hydrant_anomalie_nature (id, val_indispo_admin, val_indispo_hbe, val_indispo_terrestre, version, anomalie, nature) VALUES (167, NULL, NULL, 5, 0, 100, 4);
INSERT INTO type_hydrant_anomalie_nature (id, val_indispo_admin, val_indispo_hbe, val_indispo_terrestre, version, anomalie, nature) VALUES (168, NULL, NULL, 5, 0, 100, 3);
INSERT INTO type_hydrant_anomalie_nature (id, val_indispo_admin, val_indispo_hbe, val_indispo_terrestre, version, anomalie, nature) VALUES (169, NULL, NULL, 5, 0, 95, 5);
INSERT INTO type_hydrant_anomalie_nature (id, val_indispo_admin, val_indispo_hbe, val_indispo_terrestre, version, anomalie, nature) VALUES (171, NULL, NULL, 5, 0, 95, 6);
INSERT INTO type_hydrant_anomalie_nature (id, val_indispo_admin, val_indispo_hbe, val_indispo_terrestre, version, anomalie, nature) VALUES (172, NULL, NULL, 5, 0, 95, 7);
INSERT INTO type_hydrant_anomalie_nature (id, val_indispo_admin, val_indispo_hbe, val_indispo_terrestre, version, anomalie, nature) VALUES (173, NULL, NULL, 5, 0, 95, 8);
INSERT INTO type_hydrant_anomalie_nature (id, val_indispo_admin, val_indispo_hbe, val_indispo_terrestre, version, anomalie, nature) VALUES (174, NULL, NULL, 5, 0, 101, 5);
INSERT INTO type_hydrant_anomalie_nature (id, val_indispo_admin, val_indispo_hbe, val_indispo_terrestre, version, anomalie, nature) VALUES (175, NULL, NULL, 5, 0, 101, 4);
INSERT INTO type_hydrant_anomalie_nature (id, val_indispo_admin, val_indispo_hbe, val_indispo_terrestre, version, anomalie, nature) VALUES (176, NULL, NULL, 5, 0, 101, 3);
INSERT INTO type_hydrant_anomalie_nature (id, val_indispo_admin, val_indispo_hbe, val_indispo_terrestre, version, anomalie, nature) VALUES (177, NULL, NULL, 5, 0, 101, 6);
INSERT INTO type_hydrant_anomalie_nature (id, val_indispo_admin, val_indispo_hbe, val_indispo_terrestre, version, anomalie, nature) VALUES (178, NULL, NULL, 5, 0, 101, 7);
INSERT INTO type_hydrant_anomalie_nature (id, val_indispo_admin, val_indispo_hbe, val_indispo_terrestre, version, anomalie, nature) VALUES (179, NULL, NULL, 5, 0, 101, 8);
INSERT INTO type_hydrant_anomalie_nature (id, val_indispo_admin, val_indispo_hbe, val_indispo_terrestre, version, anomalie, nature) VALUES (45, NULL, 0, NULL, 2, 43, 3);
INSERT INTO type_hydrant_anomalie_nature (id, val_indispo_admin, val_indispo_hbe, val_indispo_terrestre, version, anomalie, nature) VALUES (48, NULL, 5, NULL, 3, 15, 3);
INSERT INTO type_hydrant_anomalie_nature (id, val_indispo_admin, val_indispo_hbe, val_indispo_terrestre, version, anomalie, nature) VALUES (49, NULL, 5, NULL, 3, 11, 3);
INSERT INTO type_hydrant_anomalie_nature (id, val_indispo_admin, val_indispo_hbe, val_indispo_terrestre, version, anomalie, nature) VALUES (51, NULL, 5, NULL, 4, 12, 3);
INSERT INTO type_hydrant_anomalie_nature (id, val_indispo_admin, val_indispo_hbe, val_indispo_terrestre, version, anomalie, nature) VALUES (50, NULL, 5, NULL, 4, 13, 3);
INSERT INTO type_hydrant_anomalie_nature (id, val_indispo_admin, val_indispo_hbe, val_indispo_terrestre, version, anomalie, nature) VALUES (140, NULL, NULL, 5, 1, 94, 4);
INSERT INTO type_hydrant_anomalie_nature (id, val_indispo_admin, val_indispo_hbe, val_indispo_terrestre, version, anomalie, nature) VALUES (98, NULL, NULL, 5, 1, 77, 1);
INSERT INTO type_hydrant_anomalie_nature (id, val_indispo_admin, val_indispo_hbe, val_indispo_terrestre, version, anomalie, nature) VALUES (180, NULL, NULL, 4, 0, 102, 4);
INSERT INTO type_hydrant_anomalie_nature (id, val_indispo_admin, val_indispo_hbe, val_indispo_terrestre, version, anomalie, nature) VALUES (181, NULL, NULL, 4, 0, 102, 3);
INSERT INTO type_hydrant_anomalie_nature (id, val_indispo_admin, val_indispo_hbe, val_indispo_terrestre, version, anomalie, nature) VALUES (182, NULL, NULL, 0, 0, 17, 4);
INSERT INTO type_hydrant_anomalie_nature (id, val_indispo_admin, val_indispo_hbe, val_indispo_terrestre, version, anomalie, nature) VALUES (183, NULL, NULL, 0, 0, 18, 4);
INSERT INTO type_hydrant_anomalie_nature (id, val_indispo_admin, val_indispo_hbe, val_indispo_terrestre, version, anomalie, nature) VALUES (184, NULL, NULL, 1, 0, 44, 4);
INSERT INTO type_hydrant_anomalie_nature (id, val_indispo_admin, val_indispo_hbe, val_indispo_terrestre, version, anomalie, nature) VALUES (185, NULL, NULL, 0, 0, 22, 4);
INSERT INTO type_hydrant_anomalie_nature (id, val_indispo_admin, val_indispo_hbe, val_indispo_terrestre, version, anomalie, nature) VALUES (186, NULL, NULL, 1, 0, 105, 4);
INSERT INTO type_hydrant_anomalie_nature (id, val_indispo_admin, val_indispo_hbe, val_indispo_terrestre, version, anomalie, nature) VALUES (187, NULL, NULL, 1, 0, 105, 3);
INSERT INTO type_hydrant_anomalie_nature (id, val_indispo_admin, val_indispo_hbe, val_indispo_terrestre, version, anomalie, nature) VALUES (188, NULL, NULL, 0, 0, 23, 4);
INSERT INTO type_hydrant_anomalie_nature (id, val_indispo_admin, val_indispo_hbe, val_indispo_terrestre, version, anomalie, nature) VALUES (44, NULL, 0, NULL, 2, 16, 3);
INSERT INTO type_hydrant_anomalie_nature (id, val_indispo_admin, val_indispo_hbe, val_indispo_terrestre, version, anomalie, nature) VALUES (189, NULL, 0, NULL, 0, 16, 4);
INSERT INTO type_hydrant_anomalie_nature (id, val_indispo_admin, val_indispo_hbe, val_indispo_terrestre, version, anomalie, nature) VALUES (190, NULL, 0, NULL, 0, 43, 4);
INSERT INTO type_hydrant_anomalie_nature (id, val_indispo_admin, val_indispo_hbe, val_indispo_terrestre, version, anomalie, nature) VALUES (191, NULL, 5, NULL, 0, 103, 4);
INSERT INTO type_hydrant_anomalie_nature (id, val_indispo_admin, val_indispo_hbe, val_indispo_terrestre, version, anomalie, nature) VALUES (192, NULL, 5, NULL, 0, 103, 3);
INSERT INTO type_hydrant_anomalie_nature (id, val_indispo_admin, val_indispo_hbe, val_indispo_terrestre, version, anomalie, nature) VALUES (193, NULL, 5, NULL, 0, 104, 4);
INSERT INTO type_hydrant_anomalie_nature (id, val_indispo_admin, val_indispo_hbe, val_indispo_terrestre, version, anomalie, nature) VALUES (194, NULL, 5, NULL, 0, 15, 4);
INSERT INTO type_hydrant_anomalie_nature (id, val_indispo_admin, val_indispo_hbe, val_indispo_terrestre, version, anomalie, nature) VALUES (195, NULL, 5, NULL, 0, 11, 4);
INSERT INTO type_hydrant_anomalie_nature (id, val_indispo_admin, val_indispo_hbe, val_indispo_terrestre, version, anomalie, nature) VALUES (196, NULL, 5, NULL, 0, 12, 4);
INSERT INTO type_hydrant_anomalie_nature (id, val_indispo_admin, val_indispo_hbe, val_indispo_terrestre, version, anomalie, nature) VALUES (197, NULL, 5, NULL, 0, 13, 4);
INSERT INTO type_hydrant_anomalie_nature (id, val_indispo_admin, val_indispo_hbe, val_indispo_terrestre, version, anomalie, nature) VALUES (198, NULL, 5, NULL, 0, 104, 3);



-- Contenu points de anomalies / nature - 3 type_hydrant_anomalie_nature_saisies
SELECT pg_catalog.setval('type_hydrant_anomalie_nature_id_seq', 198, true);

INSERT INTO type_hydrant_anomalie_nature_saisies (type_hydrant_anomalie_nature, saisies) VALUES (4, 5);
INSERT INTO type_hydrant_anomalie_nature_saisies (type_hydrant_anomalie_nature, saisies) VALUES (4, 4);
INSERT INTO type_hydrant_anomalie_nature_saisies (type_hydrant_anomalie_nature, saisies) VALUES (4, 6);
INSERT INTO type_hydrant_anomalie_nature_saisies (type_hydrant_anomalie_nature, saisies) VALUES (76, 2);
INSERT INTO type_hydrant_anomalie_nature_saisies (type_hydrant_anomalie_nature, saisies) VALUES (76, 5);
INSERT INTO type_hydrant_anomalie_nature_saisies (type_hydrant_anomalie_nature, saisies) VALUES (76, 6);
INSERT INTO type_hydrant_anomalie_nature_saisies (type_hydrant_anomalie_nature, saisies) VALUES (77, 5);
INSERT INTO type_hydrant_anomalie_nature_saisies (type_hydrant_anomalie_nature, saisies) VALUES (77, 4);
INSERT INTO type_hydrant_anomalie_nature_saisies (type_hydrant_anomalie_nature, saisies) VALUES (77, 6);
INSERT INTO type_hydrant_anomalie_nature_saisies (type_hydrant_anomalie_nature, saisies) VALUES (78, 6);
INSERT INTO type_hydrant_anomalie_nature_saisies (type_hydrant_anomalie_nature, saisies) VALUES (78, 4);
INSERT INTO type_hydrant_anomalie_nature_saisies (type_hydrant_anomalie_nature, saisies) VALUES (78, 5);
INSERT INTO type_hydrant_anomalie_nature_saisies (type_hydrant_anomalie_nature, saisies) VALUES (30, 5);
INSERT INTO type_hydrant_anomalie_nature_saisies (type_hydrant_anomalie_nature, saisies) VALUES (30, 4);
INSERT INTO type_hydrant_anomalie_nature_saisies (type_hydrant_anomalie_nature, saisies) VALUES (30, 6);
INSERT INTO type_hydrant_anomalie_nature_saisies (type_hydrant_anomalie_nature, saisies) VALUES (31, 6);
INSERT INTO type_hydrant_anomalie_nature_saisies (type_hydrant_anomalie_nature, saisies) VALUES (31, 5);
INSERT INTO type_hydrant_anomalie_nature_saisies (type_hydrant_anomalie_nature, saisies) VALUES (31, 4);
INSERT INTO type_hydrant_anomalie_nature_saisies (type_hydrant_anomalie_nature, saisies) VALUES (11, 5);
INSERT INTO type_hydrant_anomalie_nature_saisies (type_hydrant_anomalie_nature, saisies) VALUES (11, 6);
INSERT INTO type_hydrant_anomalie_nature_saisies (type_hydrant_anomalie_nature, saisies) VALUES (11, 4);
INSERT INTO type_hydrant_anomalie_nature_saisies (type_hydrant_anomalie_nature, saisies) VALUES (27, 5);
INSERT INTO type_hydrant_anomalie_nature_saisies (type_hydrant_anomalie_nature, saisies) VALUES (27, 4);
INSERT INTO type_hydrant_anomalie_nature_saisies (type_hydrant_anomalie_nature, saisies) VALUES (27, 6);
INSERT INTO type_hydrant_anomalie_nature_saisies (type_hydrant_anomalie_nature, saisies) VALUES (28, 6);
INSERT INTO type_hydrant_anomalie_nature_saisies (type_hydrant_anomalie_nature, saisies) VALUES (28, 5);
INSERT INTO type_hydrant_anomalie_nature_saisies (type_hydrant_anomalie_nature, saisies) VALUES (28, 4);
INSERT INTO type_hydrant_anomalie_nature_saisies (type_hydrant_anomalie_nature, saisies) VALUES (29, 4);
INSERT INTO type_hydrant_anomalie_nature_saisies (type_hydrant_anomalie_nature, saisies) VALUES (29, 5);
INSERT INTO type_hydrant_anomalie_nature_saisies (type_hydrant_anomalie_nature, saisies) VALUES (29, 6);
INSERT INTO type_hydrant_anomalie_nature_saisies (type_hydrant_anomalie_nature, saisies) VALUES (52, 5);
INSERT INTO type_hydrant_anomalie_nature_saisies (type_hydrant_anomalie_nature, saisies) VALUES (52, 6);
INSERT INTO type_hydrant_anomalie_nature_saisies (type_hydrant_anomalie_nature, saisies) VALUES (52, 4);
INSERT INTO type_hydrant_anomalie_nature_saisies (type_hydrant_anomalie_nature, saisies) VALUES (55, 6);
INSERT INTO type_hydrant_anomalie_nature_saisies (type_hydrant_anomalie_nature, saisies) VALUES (55, 4);
INSERT INTO type_hydrant_anomalie_nature_saisies (type_hydrant_anomalie_nature, saisies) VALUES (55, 5);
INSERT INTO type_hydrant_anomalie_nature_saisies (type_hydrant_anomalie_nature, saisies) VALUES (56, 6);
INSERT INTO type_hydrant_anomalie_nature_saisies (type_hydrant_anomalie_nature, saisies) VALUES (56, 2);
INSERT INTO type_hydrant_anomalie_nature_saisies (type_hydrant_anomalie_nature, saisies) VALUES (56, 4);
INSERT INTO type_hydrant_anomalie_nature_saisies (type_hydrant_anomalie_nature, saisies) VALUES (56, 5);
INSERT INTO type_hydrant_anomalie_nature_saisies (type_hydrant_anomalie_nature, saisies) VALUES (57, 6);
INSERT INTO type_hydrant_anomalie_nature_saisies (type_hydrant_anomalie_nature, saisies) VALUES (57, 2);
INSERT INTO type_hydrant_anomalie_nature_saisies (type_hydrant_anomalie_nature, saisies) VALUES (57, 5);
INSERT INTO type_hydrant_anomalie_nature_saisies (type_hydrant_anomalie_nature, saisies) VALUES (57, 4);
INSERT INTO type_hydrant_anomalie_nature_saisies (type_hydrant_anomalie_nature, saisies) VALUES (58, 2);
INSERT INTO type_hydrant_anomalie_nature_saisies (type_hydrant_anomalie_nature, saisies) VALUES (58, 4);
INSERT INTO type_hydrant_anomalie_nature_saisies (type_hydrant_anomalie_nature, saisies) VALUES (58, 5);
INSERT INTO type_hydrant_anomalie_nature_saisies (type_hydrant_anomalie_nature, saisies) VALUES (58, 6);
INSERT INTO type_hydrant_anomalie_nature_saisies (type_hydrant_anomalie_nature, saisies) VALUES (59, 6);
INSERT INTO type_hydrant_anomalie_nature_saisies (type_hydrant_anomalie_nature, saisies) VALUES (59, 2);
INSERT INTO type_hydrant_anomalie_nature_saisies (type_hydrant_anomalie_nature, saisies) VALUES (59, 5);
INSERT INTO type_hydrant_anomalie_nature_saisies (type_hydrant_anomalie_nature, saisies) VALUES (59, 4);
INSERT INTO type_hydrant_anomalie_nature_saisies (type_hydrant_anomalie_nature, saisies) VALUES (60, 5);
INSERT INTO type_hydrant_anomalie_nature_saisies (type_hydrant_anomalie_nature, saisies) VALUES (60, 4);
INSERT INTO type_hydrant_anomalie_nature_saisies (type_hydrant_anomalie_nature, saisies) VALUES (60, 6);
INSERT INTO type_hydrant_anomalie_nature_saisies (type_hydrant_anomalie_nature, saisies) VALUES (60, 2);
INSERT INTO type_hydrant_anomalie_nature_saisies (type_hydrant_anomalie_nature, saisies) VALUES (61, 4);
INSERT INTO type_hydrant_anomalie_nature_saisies (type_hydrant_anomalie_nature, saisies) VALUES (61, 6);
INSERT INTO type_hydrant_anomalie_nature_saisies (type_hydrant_anomalie_nature, saisies) VALUES (61, 5);
INSERT INTO type_hydrant_anomalie_nature_saisies (type_hydrant_anomalie_nature, saisies) VALUES (61, 2);
INSERT INTO type_hydrant_anomalie_nature_saisies (type_hydrant_anomalie_nature, saisies) VALUES (64, 4);
INSERT INTO type_hydrant_anomalie_nature_saisies (type_hydrant_anomalie_nature, saisies) VALUES (64, 2);
INSERT INTO type_hydrant_anomalie_nature_saisies (type_hydrant_anomalie_nature, saisies) VALUES (64, 6);
INSERT INTO type_hydrant_anomalie_nature_saisies (type_hydrant_anomalie_nature, saisies) VALUES (64, 5);
INSERT INTO type_hydrant_anomalie_nature_saisies (type_hydrant_anomalie_nature, saisies) VALUES (65, 6);
INSERT INTO type_hydrant_anomalie_nature_saisies (type_hydrant_anomalie_nature, saisies) VALUES (65, 2);
INSERT INTO type_hydrant_anomalie_nature_saisies (type_hydrant_anomalie_nature, saisies) VALUES (65, 4);
INSERT INTO type_hydrant_anomalie_nature_saisies (type_hydrant_anomalie_nature, saisies) VALUES (65, 5);
INSERT INTO type_hydrant_anomalie_nature_saisies (type_hydrant_anomalie_nature, saisies) VALUES (66, 4);
INSERT INTO type_hydrant_anomalie_nature_saisies (type_hydrant_anomalie_nature, saisies) VALUES (66, 6);
INSERT INTO type_hydrant_anomalie_nature_saisies (type_hydrant_anomalie_nature, saisies) VALUES (66, 5);
INSERT INTO type_hydrant_anomalie_nature_saisies (type_hydrant_anomalie_nature, saisies) VALUES (66, 2);
INSERT INTO type_hydrant_anomalie_nature_saisies (type_hydrant_anomalie_nature, saisies) VALUES (67, 2);
INSERT INTO type_hydrant_anomalie_nature_saisies (type_hydrant_anomalie_nature, saisies) VALUES (67, 5);
INSERT INTO type_hydrant_anomalie_nature_saisies (type_hydrant_anomalie_nature, saisies) VALUES (67, 4);
INSERT INTO type_hydrant_anomalie_nature_saisies (type_hydrant_anomalie_nature, saisies) VALUES (67, 6);
INSERT INTO type_hydrant_anomalie_nature_saisies (type_hydrant_anomalie_nature, saisies) VALUES (68, 2);
INSERT INTO type_hydrant_anomalie_nature_saisies (type_hydrant_anomalie_nature, saisies) VALUES (68, 3);
INSERT INTO type_hydrant_anomalie_nature_saisies (type_hydrant_anomalie_nature, saisies) VALUES (68, 4);
INSERT INTO type_hydrant_anomalie_nature_saisies (type_hydrant_anomalie_nature, saisies) VALUES (68, 5);
INSERT INTO type_hydrant_anomalie_nature_saisies (type_hydrant_anomalie_nature, saisies) VALUES (68, 6);
INSERT INTO type_hydrant_anomalie_nature_saisies (type_hydrant_anomalie_nature, saisies) VALUES (69, 5);
INSERT INTO type_hydrant_anomalie_nature_saisies (type_hydrant_anomalie_nature, saisies) VALUES (69, 2);
INSERT INTO type_hydrant_anomalie_nature_saisies (type_hydrant_anomalie_nature, saisies) VALUES (69, 4);
INSERT INTO type_hydrant_anomalie_nature_saisies (type_hydrant_anomalie_nature, saisies) VALUES (69, 6);
INSERT INTO type_hydrant_anomalie_nature_saisies (type_hydrant_anomalie_nature, saisies) VALUES (69, 3);
INSERT INTO type_hydrant_anomalie_nature_saisies (type_hydrant_anomalie_nature, saisies) VALUES (70, 4);
INSERT INTO type_hydrant_anomalie_nature_saisies (type_hydrant_anomalie_nature, saisies) VALUES (70, 5);
INSERT INTO type_hydrant_anomalie_nature_saisies (type_hydrant_anomalie_nature, saisies) VALUES (70, 6);
INSERT INTO type_hydrant_anomalie_nature_saisies (type_hydrant_anomalie_nature, saisies) VALUES (70, 2);
INSERT INTO type_hydrant_anomalie_nature_saisies (type_hydrant_anomalie_nature, saisies) VALUES (71, 2);
INSERT INTO type_hydrant_anomalie_nature_saisies (type_hydrant_anomalie_nature, saisies) VALUES (71, 6);
INSERT INTO type_hydrant_anomalie_nature_saisies (type_hydrant_anomalie_nature, saisies) VALUES (71, 5);
INSERT INTO type_hydrant_anomalie_nature_saisies (type_hydrant_anomalie_nature, saisies) VALUES (71, 4);
INSERT INTO type_hydrant_anomalie_nature_saisies (type_hydrant_anomalie_nature, saisies) VALUES (72, 5);
INSERT INTO type_hydrant_anomalie_nature_saisies (type_hydrant_anomalie_nature, saisies) VALUES (72, 2);
INSERT INTO type_hydrant_anomalie_nature_saisies (type_hydrant_anomalie_nature, saisies) VALUES (72, 6);
INSERT INTO type_hydrant_anomalie_nature_saisies (type_hydrant_anomalie_nature, saisies) VALUES (72, 4);
INSERT INTO type_hydrant_anomalie_nature_saisies (type_hydrant_anomalie_nature, saisies) VALUES (73, 5);
INSERT INTO type_hydrant_anomalie_nature_saisies (type_hydrant_anomalie_nature, saisies) VALUES (73, 4);
INSERT INTO type_hydrant_anomalie_nature_saisies (type_hydrant_anomalie_nature, saisies) VALUES (73, 2);
INSERT INTO type_hydrant_anomalie_nature_saisies (type_hydrant_anomalie_nature, saisies) VALUES (73, 6);
INSERT INTO type_hydrant_anomalie_nature_saisies (type_hydrant_anomalie_nature, saisies) VALUES (74, 5);
INSERT INTO type_hydrant_anomalie_nature_saisies (type_hydrant_anomalie_nature, saisies) VALUES (74, 4);
INSERT INTO type_hydrant_anomalie_nature_saisies (type_hydrant_anomalie_nature, saisies) VALUES (74, 6);
INSERT INTO type_hydrant_anomalie_nature_saisies (type_hydrant_anomalie_nature, saisies) VALUES (74, 2);
INSERT INTO type_hydrant_anomalie_nature_saisies (type_hydrant_anomalie_nature, saisies) VALUES (75, 6);
INSERT INTO type_hydrant_anomalie_nature_saisies (type_hydrant_anomalie_nature, saisies) VALUES (75, 4);
INSERT INTO type_hydrant_anomalie_nature_saisies (type_hydrant_anomalie_nature, saisies) VALUES (75, 2);
INSERT INTO type_hydrant_anomalie_nature_saisies (type_hydrant_anomalie_nature, saisies) VALUES (75, 3);
INSERT INTO type_hydrant_anomalie_nature_saisies (type_hydrant_anomalie_nature, saisies) VALUES (75, 5);
INSERT INTO type_hydrant_anomalie_nature_saisies (type_hydrant_anomalie_nature, saisies) VALUES (2, 4);
INSERT INTO type_hydrant_anomalie_nature_saisies (type_hydrant_anomalie_nature, saisies) VALUES (2, 5);
INSERT INTO type_hydrant_anomalie_nature_saisies (type_hydrant_anomalie_nature, saisies) VALUES (2, 6);
INSERT INTO type_hydrant_anomalie_nature_saisies (type_hydrant_anomalie_nature, saisies) VALUES (79, 6);
INSERT INTO type_hydrant_anomalie_nature_saisies (type_hydrant_anomalie_nature, saisies) VALUES (79, 4);
INSERT INTO type_hydrant_anomalie_nature_saisies (type_hydrant_anomalie_nature, saisies) VALUES (79, 3);
INSERT INTO type_hydrant_anomalie_nature_saisies (type_hydrant_anomalie_nature, saisies) VALUES (79, 5);
INSERT INTO type_hydrant_anomalie_nature_saisies (type_hydrant_anomalie_nature, saisies) VALUES (79, 2);
INSERT INTO type_hydrant_anomalie_nature_saisies (type_hydrant_anomalie_nature, saisies) VALUES (80, 6);
INSERT INTO type_hydrant_anomalie_nature_saisies (type_hydrant_anomalie_nature, saisies) VALUES (80, 5);
INSERT INTO type_hydrant_anomalie_nature_saisies (type_hydrant_anomalie_nature, saisies) VALUES (80, 4);
INSERT INTO type_hydrant_anomalie_nature_saisies (type_hydrant_anomalie_nature, saisies) VALUES (80, 2);
INSERT INTO type_hydrant_anomalie_nature_saisies (type_hydrant_anomalie_nature, saisies) VALUES (80, 3);
INSERT INTO type_hydrant_anomalie_nature_saisies (type_hydrant_anomalie_nature, saisies) VALUES (81, 4);
INSERT INTO type_hydrant_anomalie_nature_saisies (type_hydrant_anomalie_nature, saisies) VALUES (81, 2);
INSERT INTO type_hydrant_anomalie_nature_saisies (type_hydrant_anomalie_nature, saisies) VALUES (81, 6);
INSERT INTO type_hydrant_anomalie_nature_saisies (type_hydrant_anomalie_nature, saisies) VALUES (81, 5);
INSERT INTO type_hydrant_anomalie_nature_saisies (type_hydrant_anomalie_nature, saisies) VALUES (82, 5);
INSERT INTO type_hydrant_anomalie_nature_saisies (type_hydrant_anomalie_nature, saisies) VALUES (82, 2);
INSERT INTO type_hydrant_anomalie_nature_saisies (type_hydrant_anomalie_nature, saisies) VALUES (82, 4);
INSERT INTO type_hydrant_anomalie_nature_saisies (type_hydrant_anomalie_nature, saisies) VALUES (82, 6);
INSERT INTO type_hydrant_anomalie_nature_saisies (type_hydrant_anomalie_nature, saisies) VALUES (83, 5);
INSERT INTO type_hydrant_anomalie_nature_saisies (type_hydrant_anomalie_nature, saisies) VALUES (83, 6);
INSERT INTO type_hydrant_anomalie_nature_saisies (type_hydrant_anomalie_nature, saisies) VALUES (83, 3);
INSERT INTO type_hydrant_anomalie_nature_saisies (type_hydrant_anomalie_nature, saisies) VALUES (83, 4);
INSERT INTO type_hydrant_anomalie_nature_saisies (type_hydrant_anomalie_nature, saisies) VALUES (83, 2);
INSERT INTO type_hydrant_anomalie_nature_saisies (type_hydrant_anomalie_nature, saisies) VALUES (84, 6);
INSERT INTO type_hydrant_anomalie_nature_saisies (type_hydrant_anomalie_nature, saisies) VALUES (84, 4);
INSERT INTO type_hydrant_anomalie_nature_saisies (type_hydrant_anomalie_nature, saisies) VALUES (84, 5);
INSERT INTO type_hydrant_anomalie_nature_saisies (type_hydrant_anomalie_nature, saisies) VALUES (84, 2);
INSERT INTO type_hydrant_anomalie_nature_saisies (type_hydrant_anomalie_nature, saisies) VALUES (85, 4);
INSERT INTO type_hydrant_anomalie_nature_saisies (type_hydrant_anomalie_nature, saisies) VALUES (85, 6);
INSERT INTO type_hydrant_anomalie_nature_saisies (type_hydrant_anomalie_nature, saisies) VALUES (85, 5);
INSERT INTO type_hydrant_anomalie_nature_saisies (type_hydrant_anomalie_nature, saisies) VALUES (85, 2);
INSERT INTO type_hydrant_anomalie_nature_saisies (type_hydrant_anomalie_nature, saisies) VALUES (86, 5);
INSERT INTO type_hydrant_anomalie_nature_saisies (type_hydrant_anomalie_nature, saisies) VALUES (86, 4);
INSERT INTO type_hydrant_anomalie_nature_saisies (type_hydrant_anomalie_nature, saisies) VALUES (86, 2);
INSERT INTO type_hydrant_anomalie_nature_saisies (type_hydrant_anomalie_nature, saisies) VALUES (86, 3);
INSERT INTO type_hydrant_anomalie_nature_saisies (type_hydrant_anomalie_nature, saisies) VALUES (86, 6);
INSERT INTO type_hydrant_anomalie_nature_saisies (type_hydrant_anomalie_nature, saisies) VALUES (87, 6);
INSERT INTO type_hydrant_anomalie_nature_saisies (type_hydrant_anomalie_nature, saisies) VALUES (87, 4);
INSERT INTO type_hydrant_anomalie_nature_saisies (type_hydrant_anomalie_nature, saisies) VALUES (87, 5);
INSERT INTO type_hydrant_anomalie_nature_saisies (type_hydrant_anomalie_nature, saisies) VALUES (87, 3);
INSERT INTO type_hydrant_anomalie_nature_saisies (type_hydrant_anomalie_nature, saisies) VALUES (87, 2);
INSERT INTO type_hydrant_anomalie_nature_saisies (type_hydrant_anomalie_nature, saisies) VALUES (88, 4);
INSERT INTO type_hydrant_anomalie_nature_saisies (type_hydrant_anomalie_nature, saisies) VALUES (88, 2);
INSERT INTO type_hydrant_anomalie_nature_saisies (type_hydrant_anomalie_nature, saisies) VALUES (88, 5);
INSERT INTO type_hydrant_anomalie_nature_saisies (type_hydrant_anomalie_nature, saisies) VALUES (88, 6);
INSERT INTO type_hydrant_anomalie_nature_saisies (type_hydrant_anomalie_nature, saisies) VALUES (88, 3);
INSERT INTO type_hydrant_anomalie_nature_saisies (type_hydrant_anomalie_nature, saisies) VALUES (89, 6);
INSERT INTO type_hydrant_anomalie_nature_saisies (type_hydrant_anomalie_nature, saisies) VALUES (89, 5);
INSERT INTO type_hydrant_anomalie_nature_saisies (type_hydrant_anomalie_nature, saisies) VALUES (90, 5);
INSERT INTO type_hydrant_anomalie_nature_saisies (type_hydrant_anomalie_nature, saisies) VALUES (90, 6);
INSERT INTO type_hydrant_anomalie_nature_saisies (type_hydrant_anomalie_nature, saisies) VALUES (91, 5);
INSERT INTO type_hydrant_anomalie_nature_saisies (type_hydrant_anomalie_nature, saisies) VALUES (91, 6);
INSERT INTO type_hydrant_anomalie_nature_saisies (type_hydrant_anomalie_nature, saisies) VALUES (94, 6);
INSERT INTO type_hydrant_anomalie_nature_saisies (type_hydrant_anomalie_nature, saisies) VALUES (94, 4);
INSERT INTO type_hydrant_anomalie_nature_saisies (type_hydrant_anomalie_nature, saisies) VALUES (94, 5);
INSERT INTO type_hydrant_anomalie_nature_saisies (type_hydrant_anomalie_nature, saisies) VALUES (95, 4);
INSERT INTO type_hydrant_anomalie_nature_saisies (type_hydrant_anomalie_nature, saisies) VALUES (95, 5);
INSERT INTO type_hydrant_anomalie_nature_saisies (type_hydrant_anomalie_nature, saisies) VALUES (95, 6);
INSERT INTO type_hydrant_anomalie_nature_saisies (type_hydrant_anomalie_nature, saisies) VALUES (96, 6);
INSERT INTO type_hydrant_anomalie_nature_saisies (type_hydrant_anomalie_nature, saisies) VALUES (96, 4);
INSERT INTO type_hydrant_anomalie_nature_saisies (type_hydrant_anomalie_nature, saisies) VALUES (96, 5);
INSERT INTO type_hydrant_anomalie_nature_saisies (type_hydrant_anomalie_nature, saisies) VALUES (97, 4);
INSERT INTO type_hydrant_anomalie_nature_saisies (type_hydrant_anomalie_nature, saisies) VALUES (97, 5);
INSERT INTO type_hydrant_anomalie_nature_saisies (type_hydrant_anomalie_nature, saisies) VALUES (97, 6);
INSERT INTO type_hydrant_anomalie_nature_saisies (type_hydrant_anomalie_nature, saisies) VALUES (99, 5);
INSERT INTO type_hydrant_anomalie_nature_saisies (type_hydrant_anomalie_nature, saisies) VALUES (99, 6);
INSERT INTO type_hydrant_anomalie_nature_saisies (type_hydrant_anomalie_nature, saisies) VALUES (100, 5);
INSERT INTO type_hydrant_anomalie_nature_saisies (type_hydrant_anomalie_nature, saisies) VALUES (100, 6);
INSERT INTO type_hydrant_anomalie_nature_saisies (type_hydrant_anomalie_nature, saisies) VALUES (101, 5);
INSERT INTO type_hydrant_anomalie_nature_saisies (type_hydrant_anomalie_nature, saisies) VALUES (101, 6);
INSERT INTO type_hydrant_anomalie_nature_saisies (type_hydrant_anomalie_nature, saisies) VALUES (102, 5);
INSERT INTO type_hydrant_anomalie_nature_saisies (type_hydrant_anomalie_nature, saisies) VALUES (102, 6);
INSERT INTO type_hydrant_anomalie_nature_saisies (type_hydrant_anomalie_nature, saisies) VALUES (103, 6);
INSERT INTO type_hydrant_anomalie_nature_saisies (type_hydrant_anomalie_nature, saisies) VALUES (103, 5);
INSERT INTO type_hydrant_anomalie_nature_saisies (type_hydrant_anomalie_nature, saisies) VALUES (104, 6);
INSERT INTO type_hydrant_anomalie_nature_saisies (type_hydrant_anomalie_nature, saisies) VALUES (104, 5);
INSERT INTO type_hydrant_anomalie_nature_saisies (type_hydrant_anomalie_nature, saisies) VALUES (105, 5);
INSERT INTO type_hydrant_anomalie_nature_saisies (type_hydrant_anomalie_nature, saisies) VALUES (105, 6);
INSERT INTO type_hydrant_anomalie_nature_saisies (type_hydrant_anomalie_nature, saisies) VALUES (106, 5);
INSERT INTO type_hydrant_anomalie_nature_saisies (type_hydrant_anomalie_nature, saisies) VALUES (106, 6);
INSERT INTO type_hydrant_anomalie_nature_saisies (type_hydrant_anomalie_nature, saisies) VALUES (107, 5);
INSERT INTO type_hydrant_anomalie_nature_saisies (type_hydrant_anomalie_nature, saisies) VALUES (107, 6);
INSERT INTO type_hydrant_anomalie_nature_saisies (type_hydrant_anomalie_nature, saisies) VALUES (108, 5);
INSERT INTO type_hydrant_anomalie_nature_saisies (type_hydrant_anomalie_nature, saisies) VALUES (108, 6);
INSERT INTO type_hydrant_anomalie_nature_saisies (type_hydrant_anomalie_nature, saisies) VALUES (109, 5);
INSERT INTO type_hydrant_anomalie_nature_saisies (type_hydrant_anomalie_nature, saisies) VALUES (109, 6);
INSERT INTO type_hydrant_anomalie_nature_saisies (type_hydrant_anomalie_nature, saisies) VALUES (110, 6);
INSERT INTO type_hydrant_anomalie_nature_saisies (type_hydrant_anomalie_nature, saisies) VALUES (110, 5);
INSERT INTO type_hydrant_anomalie_nature_saisies (type_hydrant_anomalie_nature, saisies) VALUES (111, 6);
INSERT INTO type_hydrant_anomalie_nature_saisies (type_hydrant_anomalie_nature, saisies) VALUES (111, 4);
INSERT INTO type_hydrant_anomalie_nature_saisies (type_hydrant_anomalie_nature, saisies) VALUES (111, 5);
INSERT INTO type_hydrant_anomalie_nature_saisies (type_hydrant_anomalie_nature, saisies) VALUES (112, 5);
INSERT INTO type_hydrant_anomalie_nature_saisies (type_hydrant_anomalie_nature, saisies) VALUES (112, 6);
INSERT INTO type_hydrant_anomalie_nature_saisies (type_hydrant_anomalie_nature, saisies) VALUES (112, 4);
INSERT INTO type_hydrant_anomalie_nature_saisies (type_hydrant_anomalie_nature, saisies) VALUES (113, 4);
INSERT INTO type_hydrant_anomalie_nature_saisies (type_hydrant_anomalie_nature, saisies) VALUES (113, 6);
INSERT INTO type_hydrant_anomalie_nature_saisies (type_hydrant_anomalie_nature, saisies) VALUES (113, 5);
INSERT INTO type_hydrant_anomalie_nature_saisies (type_hydrant_anomalie_nature, saisies) VALUES (114, 5);
INSERT INTO type_hydrant_anomalie_nature_saisies (type_hydrant_anomalie_nature, saisies) VALUES (114, 6);
INSERT INTO type_hydrant_anomalie_nature_saisies (type_hydrant_anomalie_nature, saisies) VALUES (114, 4);
INSERT INTO type_hydrant_anomalie_nature_saisies (type_hydrant_anomalie_nature, saisies) VALUES (114, 2);
INSERT INTO type_hydrant_anomalie_nature_saisies (type_hydrant_anomalie_nature, saisies) VALUES (115, 6);
INSERT INTO type_hydrant_anomalie_nature_saisies (type_hydrant_anomalie_nature, saisies) VALUES (115, 5);
INSERT INTO type_hydrant_anomalie_nature_saisies (type_hydrant_anomalie_nature, saisies) VALUES (115, 2);
INSERT INTO type_hydrant_anomalie_nature_saisies (type_hydrant_anomalie_nature, saisies) VALUES (115, 4);
INSERT INTO type_hydrant_anomalie_nature_saisies (type_hydrant_anomalie_nature, saisies) VALUES (116, 4);
INSERT INTO type_hydrant_anomalie_nature_saisies (type_hydrant_anomalie_nature, saisies) VALUES (116, 5);
INSERT INTO type_hydrant_anomalie_nature_saisies (type_hydrant_anomalie_nature, saisies) VALUES (116, 6);
INSERT INTO type_hydrant_anomalie_nature_saisies (type_hydrant_anomalie_nature, saisies) VALUES (117, 4);
INSERT INTO type_hydrant_anomalie_nature_saisies (type_hydrant_anomalie_nature, saisies) VALUES (117, 5);
INSERT INTO type_hydrant_anomalie_nature_saisies (type_hydrant_anomalie_nature, saisies) VALUES (117, 6);
INSERT INTO type_hydrant_anomalie_nature_saisies (type_hydrant_anomalie_nature, saisies) VALUES (138, 6);
INSERT INTO type_hydrant_anomalie_nature_saisies (type_hydrant_anomalie_nature, saisies) VALUES (138, 5);
INSERT INTO type_hydrant_anomalie_nature_saisies (type_hydrant_anomalie_nature, saisies) VALUES (138, 4);
INSERT INTO type_hydrant_anomalie_nature_saisies (type_hydrant_anomalie_nature, saisies) VALUES (3, 4);
INSERT INTO type_hydrant_anomalie_nature_saisies (type_hydrant_anomalie_nature, saisies) VALUES (3, 5);
INSERT INTO type_hydrant_anomalie_nature_saisies (type_hydrant_anomalie_nature, saisies) VALUES (3, 6);
INSERT INTO type_hydrant_anomalie_nature_saisies (type_hydrant_anomalie_nature, saisies) VALUES (139, 4);
INSERT INTO type_hydrant_anomalie_nature_saisies (type_hydrant_anomalie_nature, saisies) VALUES (139, 6);
INSERT INTO type_hydrant_anomalie_nature_saisies (type_hydrant_anomalie_nature, saisies) VALUES (139, 5);
INSERT INTO type_hydrant_anomalie_nature_saisies (type_hydrant_anomalie_nature, saisies) VALUES (141, 4);
INSERT INTO type_hydrant_anomalie_nature_saisies (type_hydrant_anomalie_nature, saisies) VALUES (141, 5);
INSERT INTO type_hydrant_anomalie_nature_saisies (type_hydrant_anomalie_nature, saisies) VALUES (141, 6);
INSERT INTO type_hydrant_anomalie_nature_saisies (type_hydrant_anomalie_nature, saisies) VALUES (142, 5);
INSERT INTO type_hydrant_anomalie_nature_saisies (type_hydrant_anomalie_nature, saisies) VALUES (142, 4);
INSERT INTO type_hydrant_anomalie_nature_saisies (type_hydrant_anomalie_nature, saisies) VALUES (142, 6);
INSERT INTO type_hydrant_anomalie_nature_saisies (type_hydrant_anomalie_nature, saisies) VALUES (143, 5);
INSERT INTO type_hydrant_anomalie_nature_saisies (type_hydrant_anomalie_nature, saisies) VALUES (143, 6);
INSERT INTO type_hydrant_anomalie_nature_saisies (type_hydrant_anomalie_nature, saisies) VALUES (143, 4);
INSERT INTO type_hydrant_anomalie_nature_saisies (type_hydrant_anomalie_nature, saisies) VALUES (144, 5);
INSERT INTO type_hydrant_anomalie_nature_saisies (type_hydrant_anomalie_nature, saisies) VALUES (144, 4);
INSERT INTO type_hydrant_anomalie_nature_saisies (type_hydrant_anomalie_nature, saisies) VALUES (144, 6);
INSERT INTO type_hydrant_anomalie_nature_saisies (type_hydrant_anomalie_nature, saisies) VALUES (10, 6);
INSERT INTO type_hydrant_anomalie_nature_saisies (type_hydrant_anomalie_nature, saisies) VALUES (10, 4);
INSERT INTO type_hydrant_anomalie_nature_saisies (type_hydrant_anomalie_nature, saisies) VALUES (10, 5);
INSERT INTO type_hydrant_anomalie_nature_saisies (type_hydrant_anomalie_nature, saisies) VALUES (9, 5);
INSERT INTO type_hydrant_anomalie_nature_saisies (type_hydrant_anomalie_nature, saisies) VALUES (9, 4);
INSERT INTO type_hydrant_anomalie_nature_saisies (type_hydrant_anomalie_nature, saisies) VALUES (9, 6);
INSERT INTO type_hydrant_anomalie_nature_saisies (type_hydrant_anomalie_nature, saisies) VALUES (8, 6);
INSERT INTO type_hydrant_anomalie_nature_saisies (type_hydrant_anomalie_nature, saisies) VALUES (8, 4);
INSERT INTO type_hydrant_anomalie_nature_saisies (type_hydrant_anomalie_nature, saisies) VALUES (8, 5);
INSERT INTO type_hydrant_anomalie_nature_saisies (type_hydrant_anomalie_nature, saisies) VALUES (145, 4);
INSERT INTO type_hydrant_anomalie_nature_saisies (type_hydrant_anomalie_nature, saisies) VALUES (145, 6);
INSERT INTO type_hydrant_anomalie_nature_saisies (type_hydrant_anomalie_nature, saisies) VALUES (145, 5);
INSERT INTO type_hydrant_anomalie_nature_saisies (type_hydrant_anomalie_nature, saisies) VALUES (146, 6);
INSERT INTO type_hydrant_anomalie_nature_saisies (type_hydrant_anomalie_nature, saisies) VALUES (146, 4);
INSERT INTO type_hydrant_anomalie_nature_saisies (type_hydrant_anomalie_nature, saisies) VALUES (146, 5);
INSERT INTO type_hydrant_anomalie_nature_saisies (type_hydrant_anomalie_nature, saisies) VALUES (147, 4);
INSERT INTO type_hydrant_anomalie_nature_saisies (type_hydrant_anomalie_nature, saisies) VALUES (147, 5);
INSERT INTO type_hydrant_anomalie_nature_saisies (type_hydrant_anomalie_nature, saisies) VALUES (147, 6);
INSERT INTO type_hydrant_anomalie_nature_saisies (type_hydrant_anomalie_nature, saisies) VALUES (148, 4);
INSERT INTO type_hydrant_anomalie_nature_saisies (type_hydrant_anomalie_nature, saisies) VALUES (148, 6);
INSERT INTO type_hydrant_anomalie_nature_saisies (type_hydrant_anomalie_nature, saisies) VALUES (148, 5);
INSERT INTO type_hydrant_anomalie_nature_saisies (type_hydrant_anomalie_nature, saisies) VALUES (149, 6);
INSERT INTO type_hydrant_anomalie_nature_saisies (type_hydrant_anomalie_nature, saisies) VALUES (149, 4);
INSERT INTO type_hydrant_anomalie_nature_saisies (type_hydrant_anomalie_nature, saisies) VALUES (149, 5);
INSERT INTO type_hydrant_anomalie_nature_saisies (type_hydrant_anomalie_nature, saisies) VALUES (150, 4);
INSERT INTO type_hydrant_anomalie_nature_saisies (type_hydrant_anomalie_nature, saisies) VALUES (150, 6);
INSERT INTO type_hydrant_anomalie_nature_saisies (type_hydrant_anomalie_nature, saisies) VALUES (150, 5);
INSERT INTO type_hydrant_anomalie_nature_saisies (type_hydrant_anomalie_nature, saisies) VALUES (151, 6);
INSERT INTO type_hydrant_anomalie_nature_saisies (type_hydrant_anomalie_nature, saisies) VALUES (151, 4);
INSERT INTO type_hydrant_anomalie_nature_saisies (type_hydrant_anomalie_nature, saisies) VALUES (151, 5);
INSERT INTO type_hydrant_anomalie_nature_saisies (type_hydrant_anomalie_nature, saisies) VALUES (152, 6);
INSERT INTO type_hydrant_anomalie_nature_saisies (type_hydrant_anomalie_nature, saisies) VALUES (152, 4);
INSERT INTO type_hydrant_anomalie_nature_saisies (type_hydrant_anomalie_nature, saisies) VALUES (152, 5);
INSERT INTO type_hydrant_anomalie_nature_saisies (type_hydrant_anomalie_nature, saisies) VALUES (153, 4);
INSERT INTO type_hydrant_anomalie_nature_saisies (type_hydrant_anomalie_nature, saisies) VALUES (153, 5);
INSERT INTO type_hydrant_anomalie_nature_saisies (type_hydrant_anomalie_nature, saisies) VALUES (153, 6);
INSERT INTO type_hydrant_anomalie_nature_saisies (type_hydrant_anomalie_nature, saisies) VALUES (154, 6);
INSERT INTO type_hydrant_anomalie_nature_saisies (type_hydrant_anomalie_nature, saisies) VALUES (154, 4);
INSERT INTO type_hydrant_anomalie_nature_saisies (type_hydrant_anomalie_nature, saisies) VALUES (154, 5);
INSERT INTO type_hydrant_anomalie_nature_saisies (type_hydrant_anomalie_nature, saisies) VALUES (155, 5);
INSERT INTO type_hydrant_anomalie_nature_saisies (type_hydrant_anomalie_nature, saisies) VALUES (155, 6);
INSERT INTO type_hydrant_anomalie_nature_saisies (type_hydrant_anomalie_nature, saisies) VALUES (155, 4);
INSERT INTO type_hydrant_anomalie_nature_saisies (type_hydrant_anomalie_nature, saisies) VALUES (156, 6);
INSERT INTO type_hydrant_anomalie_nature_saisies (type_hydrant_anomalie_nature, saisies) VALUES (156, 4);
INSERT INTO type_hydrant_anomalie_nature_saisies (type_hydrant_anomalie_nature, saisies) VALUES (156, 5);
INSERT INTO type_hydrant_anomalie_nature_saisies (type_hydrant_anomalie_nature, saisies) VALUES (157, 6);
INSERT INTO type_hydrant_anomalie_nature_saisies (type_hydrant_anomalie_nature, saisies) VALUES (157, 5);
INSERT INTO type_hydrant_anomalie_nature_saisies (type_hydrant_anomalie_nature, saisies) VALUES (157, 4);
INSERT INTO type_hydrant_anomalie_nature_saisies (type_hydrant_anomalie_nature, saisies) VALUES (158, 6);
INSERT INTO type_hydrant_anomalie_nature_saisies (type_hydrant_anomalie_nature, saisies) VALUES (158, 4);
INSERT INTO type_hydrant_anomalie_nature_saisies (type_hydrant_anomalie_nature, saisies) VALUES (158, 5);
INSERT INTO type_hydrant_anomalie_nature_saisies (type_hydrant_anomalie_nature, saisies) VALUES (159, 6);
INSERT INTO type_hydrant_anomalie_nature_saisies (type_hydrant_anomalie_nature, saisies) VALUES (159, 4);
INSERT INTO type_hydrant_anomalie_nature_saisies (type_hydrant_anomalie_nature, saisies) VALUES (159, 5);
INSERT INTO type_hydrant_anomalie_nature_saisies (type_hydrant_anomalie_nature, saisies) VALUES (160, 4);
INSERT INTO type_hydrant_anomalie_nature_saisies (type_hydrant_anomalie_nature, saisies) VALUES (160, 6);
INSERT INTO type_hydrant_anomalie_nature_saisies (type_hydrant_anomalie_nature, saisies) VALUES (160, 5);
INSERT INTO type_hydrant_anomalie_nature_saisies (type_hydrant_anomalie_nature, saisies) VALUES (161, 6);
INSERT INTO type_hydrant_anomalie_nature_saisies (type_hydrant_anomalie_nature, saisies) VALUES (161, 4);
INSERT INTO type_hydrant_anomalie_nature_saisies (type_hydrant_anomalie_nature, saisies) VALUES (161, 5);
INSERT INTO type_hydrant_anomalie_nature_saisies (type_hydrant_anomalie_nature, saisies) VALUES (162, 5);
INSERT INTO type_hydrant_anomalie_nature_saisies (type_hydrant_anomalie_nature, saisies) VALUES (162, 6);
INSERT INTO type_hydrant_anomalie_nature_saisies (type_hydrant_anomalie_nature, saisies) VALUES (162, 4);
INSERT INTO type_hydrant_anomalie_nature_saisies (type_hydrant_anomalie_nature, saisies) VALUES (163, 4);
INSERT INTO type_hydrant_anomalie_nature_saisies (type_hydrant_anomalie_nature, saisies) VALUES (163, 6);
INSERT INTO type_hydrant_anomalie_nature_saisies (type_hydrant_anomalie_nature, saisies) VALUES (163, 5);
INSERT INTO type_hydrant_anomalie_nature_saisies (type_hydrant_anomalie_nature, saisies) VALUES (164, 4);
INSERT INTO type_hydrant_anomalie_nature_saisies (type_hydrant_anomalie_nature, saisies) VALUES (164, 5);
INSERT INTO type_hydrant_anomalie_nature_saisies (type_hydrant_anomalie_nature, saisies) VALUES (164, 6);
INSERT INTO type_hydrant_anomalie_nature_saisies (type_hydrant_anomalie_nature, saisies) VALUES (165, 5);
INSERT INTO type_hydrant_anomalie_nature_saisies (type_hydrant_anomalie_nature, saisies) VALUES (165, 6);
INSERT INTO type_hydrant_anomalie_nature_saisies (type_hydrant_anomalie_nature, saisies) VALUES (165, 4);
INSERT INTO type_hydrant_anomalie_nature_saisies (type_hydrant_anomalie_nature, saisies) VALUES (166, 6);
INSERT INTO type_hydrant_anomalie_nature_saisies (type_hydrant_anomalie_nature, saisies) VALUES (166, 5);
INSERT INTO type_hydrant_anomalie_nature_saisies (type_hydrant_anomalie_nature, saisies) VALUES (166, 4);
INSERT INTO type_hydrant_anomalie_nature_saisies (type_hydrant_anomalie_nature, saisies) VALUES (167, 4);
INSERT INTO type_hydrant_anomalie_nature_saisies (type_hydrant_anomalie_nature, saisies) VALUES (167, 6);
INSERT INTO type_hydrant_anomalie_nature_saisies (type_hydrant_anomalie_nature, saisies) VALUES (167, 5);
INSERT INTO type_hydrant_anomalie_nature_saisies (type_hydrant_anomalie_nature, saisies) VALUES (168, 5);
INSERT INTO type_hydrant_anomalie_nature_saisies (type_hydrant_anomalie_nature, saisies) VALUES (168, 6);
INSERT INTO type_hydrant_anomalie_nature_saisies (type_hydrant_anomalie_nature, saisies) VALUES (168, 4);
INSERT INTO type_hydrant_anomalie_nature_saisies (type_hydrant_anomalie_nature, saisies) VALUES (169, 5);
INSERT INTO type_hydrant_anomalie_nature_saisies (type_hydrant_anomalie_nature, saisies) VALUES (169, 6);
INSERT INTO type_hydrant_anomalie_nature_saisies (type_hydrant_anomalie_nature, saisies) VALUES (169, 4);
INSERT INTO type_hydrant_anomalie_nature_saisies (type_hydrant_anomalie_nature, saisies) VALUES (171, 4);
INSERT INTO type_hydrant_anomalie_nature_saisies (type_hydrant_anomalie_nature, saisies) VALUES (171, 5);
INSERT INTO type_hydrant_anomalie_nature_saisies (type_hydrant_anomalie_nature, saisies) VALUES (171, 6);
INSERT INTO type_hydrant_anomalie_nature_saisies (type_hydrant_anomalie_nature, saisies) VALUES (172, 4);
INSERT INTO type_hydrant_anomalie_nature_saisies (type_hydrant_anomalie_nature, saisies) VALUES (172, 5);
INSERT INTO type_hydrant_anomalie_nature_saisies (type_hydrant_anomalie_nature, saisies) VALUES (172, 6);
INSERT INTO type_hydrant_anomalie_nature_saisies (type_hydrant_anomalie_nature, saisies) VALUES (173, 6);
INSERT INTO type_hydrant_anomalie_nature_saisies (type_hydrant_anomalie_nature, saisies) VALUES (173, 4);
INSERT INTO type_hydrant_anomalie_nature_saisies (type_hydrant_anomalie_nature, saisies) VALUES (173, 5);
INSERT INTO type_hydrant_anomalie_nature_saisies (type_hydrant_anomalie_nature, saisies) VALUES (174, 6);
INSERT INTO type_hydrant_anomalie_nature_saisies (type_hydrant_anomalie_nature, saisies) VALUES (174, 5);
INSERT INTO type_hydrant_anomalie_nature_saisies (type_hydrant_anomalie_nature, saisies) VALUES (175, 5);
INSERT INTO type_hydrant_anomalie_nature_saisies (type_hydrant_anomalie_nature, saisies) VALUES (175, 6);
INSERT INTO type_hydrant_anomalie_nature_saisies (type_hydrant_anomalie_nature, saisies) VALUES (176, 5);
INSERT INTO type_hydrant_anomalie_nature_saisies (type_hydrant_anomalie_nature, saisies) VALUES (176, 6);
INSERT INTO type_hydrant_anomalie_nature_saisies (type_hydrant_anomalie_nature, saisies) VALUES (177, 5);
INSERT INTO type_hydrant_anomalie_nature_saisies (type_hydrant_anomalie_nature, saisies) VALUES (177, 6);
INSERT INTO type_hydrant_anomalie_nature_saisies (type_hydrant_anomalie_nature, saisies) VALUES (178, 5);
INSERT INTO type_hydrant_anomalie_nature_saisies (type_hydrant_anomalie_nature, saisies) VALUES (178, 6);
INSERT INTO type_hydrant_anomalie_nature_saisies (type_hydrant_anomalie_nature, saisies) VALUES (179, 5);
INSERT INTO type_hydrant_anomalie_nature_saisies (type_hydrant_anomalie_nature, saisies) VALUES (179, 6);
INSERT INTO type_hydrant_anomalie_nature_saisies (type_hydrant_anomalie_nature, saisies) VALUES (180, 5);
INSERT INTO type_hydrant_anomalie_nature_saisies (type_hydrant_anomalie_nature, saisies) VALUES (180, 4);
INSERT INTO type_hydrant_anomalie_nature_saisies (type_hydrant_anomalie_nature, saisies) VALUES (180, 6);
INSERT INTO type_hydrant_anomalie_nature_saisies (type_hydrant_anomalie_nature, saisies) VALUES (181, 4);
INSERT INTO type_hydrant_anomalie_nature_saisies (type_hydrant_anomalie_nature, saisies) VALUES (181, 5);
INSERT INTO type_hydrant_anomalie_nature_saisies (type_hydrant_anomalie_nature, saisies) VALUES (181, 6);
INSERT INTO type_hydrant_anomalie_nature_saisies (type_hydrant_anomalie_nature, saisies) VALUES (182, 6);
INSERT INTO type_hydrant_anomalie_nature_saisies (type_hydrant_anomalie_nature, saisies) VALUES (182, 5);
INSERT INTO type_hydrant_anomalie_nature_saisies (type_hydrant_anomalie_nature, saisies) VALUES (182, 4);
INSERT INTO type_hydrant_anomalie_nature_saisies (type_hydrant_anomalie_nature, saisies) VALUES (183, 4);
INSERT INTO type_hydrant_anomalie_nature_saisies (type_hydrant_anomalie_nature, saisies) VALUES (183, 6);
INSERT INTO type_hydrant_anomalie_nature_saisies (type_hydrant_anomalie_nature, saisies) VALUES (183, 5);
INSERT INTO type_hydrant_anomalie_nature_saisies (type_hydrant_anomalie_nature, saisies) VALUES (184, 4);
INSERT INTO type_hydrant_anomalie_nature_saisies (type_hydrant_anomalie_nature, saisies) VALUES (184, 5);
INSERT INTO type_hydrant_anomalie_nature_saisies (type_hydrant_anomalie_nature, saisies) VALUES (184, 6);
INSERT INTO type_hydrant_anomalie_nature_saisies (type_hydrant_anomalie_nature, saisies) VALUES (185, 6);
INSERT INTO type_hydrant_anomalie_nature_saisies (type_hydrant_anomalie_nature, saisies) VALUES (185, 5);
INSERT INTO type_hydrant_anomalie_nature_saisies (type_hydrant_anomalie_nature, saisies) VALUES (185, 4);
INSERT INTO type_hydrant_anomalie_nature_saisies (type_hydrant_anomalie_nature, saisies) VALUES (186, 4);
INSERT INTO type_hydrant_anomalie_nature_saisies (type_hydrant_anomalie_nature, saisies) VALUES (186, 6);
INSERT INTO type_hydrant_anomalie_nature_saisies (type_hydrant_anomalie_nature, saisies) VALUES (186, 5);
INSERT INTO type_hydrant_anomalie_nature_saisies (type_hydrant_anomalie_nature, saisies) VALUES (187, 4);
INSERT INTO type_hydrant_anomalie_nature_saisies (type_hydrant_anomalie_nature, saisies) VALUES (187, 5);
INSERT INTO type_hydrant_anomalie_nature_saisies (type_hydrant_anomalie_nature, saisies) VALUES (187, 6);
INSERT INTO type_hydrant_anomalie_nature_saisies (type_hydrant_anomalie_nature, saisies) VALUES (188, 5);
INSERT INTO type_hydrant_anomalie_nature_saisies (type_hydrant_anomalie_nature, saisies) VALUES (188, 4);
INSERT INTO type_hydrant_anomalie_nature_saisies (type_hydrant_anomalie_nature, saisies) VALUES (188, 6);
INSERT INTO type_hydrant_anomalie_nature_saisies (type_hydrant_anomalie_nature, saisies) VALUES (44, 4);
INSERT INTO type_hydrant_anomalie_nature_saisies (type_hydrant_anomalie_nature, saisies) VALUES (44, 5);
INSERT INTO type_hydrant_anomalie_nature_saisies (type_hydrant_anomalie_nature, saisies) VALUES (44, 6);
INSERT INTO type_hydrant_anomalie_nature_saisies (type_hydrant_anomalie_nature, saisies) VALUES (189, 5);
INSERT INTO type_hydrant_anomalie_nature_saisies (type_hydrant_anomalie_nature, saisies) VALUES (189, 4);
INSERT INTO type_hydrant_anomalie_nature_saisies (type_hydrant_anomalie_nature, saisies) VALUES (189, 6);
INSERT INTO type_hydrant_anomalie_nature_saisies (type_hydrant_anomalie_nature, saisies) VALUES (45, 4);
INSERT INTO type_hydrant_anomalie_nature_saisies (type_hydrant_anomalie_nature, saisies) VALUES (45, 6);
INSERT INTO type_hydrant_anomalie_nature_saisies (type_hydrant_anomalie_nature, saisies) VALUES (45, 5);
INSERT INTO type_hydrant_anomalie_nature_saisies (type_hydrant_anomalie_nature, saisies) VALUES (190, 5);
INSERT INTO type_hydrant_anomalie_nature_saisies (type_hydrant_anomalie_nature, saisies) VALUES (190, 6);
INSERT INTO type_hydrant_anomalie_nature_saisies (type_hydrant_anomalie_nature, saisies) VALUES (190, 4);
INSERT INTO type_hydrant_anomalie_nature_saisies (type_hydrant_anomalie_nature, saisies) VALUES (191, 6);
INSERT INTO type_hydrant_anomalie_nature_saisies (type_hydrant_anomalie_nature, saisies) VALUES (191, 5);
INSERT INTO type_hydrant_anomalie_nature_saisies (type_hydrant_anomalie_nature, saisies) VALUES (191, 4);
INSERT INTO type_hydrant_anomalie_nature_saisies (type_hydrant_anomalie_nature, saisies) VALUES (192, 4);
INSERT INTO type_hydrant_anomalie_nature_saisies (type_hydrant_anomalie_nature, saisies) VALUES (192, 6);
INSERT INTO type_hydrant_anomalie_nature_saisies (type_hydrant_anomalie_nature, saisies) VALUES (192, 5);
INSERT INTO type_hydrant_anomalie_nature_saisies (type_hydrant_anomalie_nature, saisies) VALUES (193, 6);
INSERT INTO type_hydrant_anomalie_nature_saisies (type_hydrant_anomalie_nature, saisies) VALUES (193, 4);
INSERT INTO type_hydrant_anomalie_nature_saisies (type_hydrant_anomalie_nature, saisies) VALUES (193, 5);
INSERT INTO type_hydrant_anomalie_nature_saisies (type_hydrant_anomalie_nature, saisies) VALUES (48, 4);
INSERT INTO type_hydrant_anomalie_nature_saisies (type_hydrant_anomalie_nature, saisies) VALUES (48, 6);
INSERT INTO type_hydrant_anomalie_nature_saisies (type_hydrant_anomalie_nature, saisies) VALUES (48, 5);
INSERT INTO type_hydrant_anomalie_nature_saisies (type_hydrant_anomalie_nature, saisies) VALUES (194, 5);
INSERT INTO type_hydrant_anomalie_nature_saisies (type_hydrant_anomalie_nature, saisies) VALUES (194, 6);
INSERT INTO type_hydrant_anomalie_nature_saisies (type_hydrant_anomalie_nature, saisies) VALUES (194, 4);
INSERT INTO type_hydrant_anomalie_nature_saisies (type_hydrant_anomalie_nature, saisies) VALUES (49, 5);
INSERT INTO type_hydrant_anomalie_nature_saisies (type_hydrant_anomalie_nature, saisies) VALUES (49, 6);
INSERT INTO type_hydrant_anomalie_nature_saisies (type_hydrant_anomalie_nature, saisies) VALUES (49, 4);
INSERT INTO type_hydrant_anomalie_nature_saisies (type_hydrant_anomalie_nature, saisies) VALUES (195, 4);
INSERT INTO type_hydrant_anomalie_nature_saisies (type_hydrant_anomalie_nature, saisies) VALUES (195, 5);
INSERT INTO type_hydrant_anomalie_nature_saisies (type_hydrant_anomalie_nature, saisies) VALUES (195, 6);
INSERT INTO type_hydrant_anomalie_nature_saisies (type_hydrant_anomalie_nature, saisies) VALUES (51, 4);
INSERT INTO type_hydrant_anomalie_nature_saisies (type_hydrant_anomalie_nature, saisies) VALUES (51, 5);
INSERT INTO type_hydrant_anomalie_nature_saisies (type_hydrant_anomalie_nature, saisies) VALUES (51, 6);
INSERT INTO type_hydrant_anomalie_nature_saisies (type_hydrant_anomalie_nature, saisies) VALUES (196, 6);
INSERT INTO type_hydrant_anomalie_nature_saisies (type_hydrant_anomalie_nature, saisies) VALUES (196, 4);
INSERT INTO type_hydrant_anomalie_nature_saisies (type_hydrant_anomalie_nature, saisies) VALUES (196, 5);
INSERT INTO type_hydrant_anomalie_nature_saisies (type_hydrant_anomalie_nature, saisies) VALUES (50, 6);
INSERT INTO type_hydrant_anomalie_nature_saisies (type_hydrant_anomalie_nature, saisies) VALUES (50, 5);
INSERT INTO type_hydrant_anomalie_nature_saisies (type_hydrant_anomalie_nature, saisies) VALUES (50, 4);
INSERT INTO type_hydrant_anomalie_nature_saisies (type_hydrant_anomalie_nature, saisies) VALUES (197, 5);
INSERT INTO type_hydrant_anomalie_nature_saisies (type_hydrant_anomalie_nature, saisies) VALUES (197, 4);
INSERT INTO type_hydrant_anomalie_nature_saisies (type_hydrant_anomalie_nature, saisies) VALUES (197, 6);
INSERT INTO type_hydrant_anomalie_nature_saisies (type_hydrant_anomalie_nature, saisies) VALUES (198, 4);
INSERT INTO type_hydrant_anomalie_nature_saisies (type_hydrant_anomalie_nature, saisies) VALUES (198, 5);
INSERT INTO type_hydrant_anomalie_nature_saisies (type_hydrant_anomalie_nature, saisies) VALUES (198, 6);
INSERT INTO type_hydrant_anomalie_nature_saisies (type_hydrant_anomalie_nature, saisies) VALUES (140, 5);
INSERT INTO type_hydrant_anomalie_nature_saisies (type_hydrant_anomalie_nature, saisies) VALUES (140, 4);
INSERT INTO type_hydrant_anomalie_nature_saisies (type_hydrant_anomalie_nature, saisies) VALUES (140, 6);
INSERT INTO type_hydrant_anomalie_nature_saisies (type_hydrant_anomalie_nature, saisies) VALUES (98, 5);
INSERT INTO type_hydrant_anomalie_nature_saisies (type_hydrant_anomalie_nature, saisies) VALUES (98, 6);



COMMIT;

